job,company,ssn,residence,current_location,blood_group,website,username,name,sex,address,mail,birthdate,age
Clinical research associate,Figueroa and Sons,229-18-1680,"600 Jeffery Parkways
New Jamesside, IN 59379","(Decimal('68.1798025'), Decimal('-30.647502'))",A+,"['https://moore-bernard.com/', 'http://www.davis-abbott.org/']",smiller,Nicholas Herrera,M,"310 Kendra Common Apt. 164
Reidstad, MN 47067",elizabethmiles@hotmail.com,1993-09-09,43
Building surveyor,"Reid, Ferguson and Sanchez",474-49-4423,"Unit 8350 Box 3056
DPO AA 09176","(Decimal('-33.3647255'), Decimal('124.502471'))",AB-,"['https://ellis.net/', 'https://ross.net/']",laurahenderson,Anthony Rodriguez,M,"784 Erin Crescent Suite 514
Mooretown, VA 35023",williamrodriguez@hotmail.com,1946-02-09,41
"Runner, broadcasting/film/video","Gonzalez, Brooks and Martin",798-68-0010,"15430 Natalie Common Apt. 718
East Donna, GA 35242","(Decimal('51.646352'), Decimal('145.662628'))",O+,"['http://carney-santos.info/', 'https://www.walker.com/']",perezrebecca,Adrienne Zimmerman,F,"347 Amber Stream
Sanchezfort, MT 25458",davisryan@yahoo.com,1961-06-11,23
"Psychologist, sport and exercise","Brown, Valdez and Lucas",063-52-5560,"33872 White Mountain
Port Sandra, OH 13334","(Decimal('-76.4202985'), Decimal('170.117623'))",A+,['http://www.tucker-lewis.biz/'],smitchell,April Myers,F,"USCGC Moore
FPO AA 29035",rileyamy@hotmail.com,1948-03-04,29
Barista,Silva PLC,874-68-2580,"19136 Shelly Port
New Brooke, CO 55449","(Decimal('86.462265'), Decimal('133.356673'))",AB-,"['http://baker.com/', 'https://smith.org/', 'http://www.lewis.com/']",cheryl80,Brooke Bass,F,"124 Pamela Summit Apt. 449
Lake Matthew, SC 35101",dking@gmail.com,1991-10-26,41
Pharmacologist,Williams-Cook,134-82-4292,"680 Charles Spurs Apt. 805
South David, MN 05730","(Decimal('6.048684'), Decimal('-67.216019'))",B-,['https://brady.com/'],kimberly63,Allison Doyle,F,"0733 Bailey View
East Andrew, MO 43526",michelle45@hotmail.com,1974-10-27,33
Office manager,"Zavala, Herrera and Crosby",119-34-2926,"19655 Obrien Pass Apt. 693
Bradleychester, NC 71076","(Decimal('-37.1087845'), Decimal('15.539914'))",O+,['https://charles.com/'],robertbentley,Michael Spencer,M,"946 Kevin Fords
Floydmouth, NV 58455",williamleon@hotmail.com,1928-08-02,35
Chartered accountant,Robertson-Schultz,344-12-3849,"20037 Stanley Roads
Lake Heather, MO 32480","(Decimal('-50.386620'), Decimal('172.218461'))",A+,['https://www.brock.net/'],danderson,David Charles,M,"9868 Merritt Summit Suite 743
Katiehaven, SC 31859",scott43@yahoo.com,1951-03-15,20
IT consultant,"Miller, Hernandez and Reyes",157-91-3506,"8760 Marissa Loaf Apt. 967
West Kennethfurt, MT 71046","(Decimal('56.601274'), Decimal('143.868766'))",B-,"['http://tucker-price.biz/', 'http://hooper.com/', 'https://www.day.info/', 'http://www.gray-lewis.com/']",fking,James Walton,M,"3100 James Brooks
East David, DE 74421",stevenscott@yahoo.com,1928-04-29,20
Trading standards officer,"Stuart, Higgins and Strickland",168-40-1772,"663 Brittany Village Apt. 149
Port Tonyaton, ND 56649","(Decimal('87.575782'), Decimal('18.948727'))",A-,"['http://garcia-yu.info/', 'http://gross.com/', 'https://petersen-vargas.com/']",karenhudson,Angelica Keith,F,"75273 Salinas Junctions Suite 948
New Stacyland, VA 53772",ppeters@hotmail.com,1970-04-15,44
Recycling officer,Mcguire-Davis,227-52-3987,"8856 Bell Motorway Suite 443
Lake Jamesville, ND 90962","(Decimal('-40.2992165'), Decimal('-77.167223'))",B-,"['https://wall.com/', 'https://www.smith-ferguson.com/', 'http://www.carter.info/', 'http://www.mitchell.com/']",kvasquez,John Short,M,"29413 Angela Mall
Port Alexandra, NV 39475",ntorres@gmail.com,1988-06-17,47
Child psychotherapist,Garrett LLC,677-11-2574,"06797 Johnson Heights
Jacquelinemouth, TX 31096","(Decimal('-18.984159'), Decimal('155.575461'))",B-,"['http://www.hernandez.com/', 'http://curry.com/', 'https://powell.info/', 'http://www.navarro-munoz.com/']",keyemily,Megan Valencia,F,"78742 Walters Overpass
South Michaelmouth, TN 14211",marksteele@yahoo.com,1995-09-02,51
Oncologist,"Johnson, Miller and King",119-99-6623,"876 Jacob Lake
Garrettton, KY 72488","(Decimal('-54.831405'), Decimal('-25.365529'))",O-,"['http://www.lynch.net/', 'http://walker.info/', 'http://www.cantu-carter.com/', 'https://sanchez-arnold.biz/']",hillkristy,Katie Suarez,F,"44997 Sean Orchard Suite 588
Gibsonmouth, ID 91923",ashleyhall@yahoo.com,1911-06-07,28
"Investment banker, corporate","Kennedy, Mcintyre and James",680-84-2493,"89517 Alicia Motorway
Lake Douglasberg, NJ 35238","(Decimal('0.881839'), Decimal('154.609842'))",O+,['https://sims-clay.info/'],wendy16,Cynthia Cohen,F,"Unit 1724 Box 0050
DPO AA 47485",ryan38@yahoo.com,1982-07-07,22
Education administrator,Thompson PLC,892-49-3946,"74740 Santana Springs
North Scott, OR 39711","(Decimal('81.5138015'), Decimal('47.799127'))",AB+,"['https://www.castaneda-rodriguez.biz/', 'https://phillips.com/', 'http://www.mcgee.com/', 'https://www.lee.com/']",xjohnson,Maria Parker,F,"5623 Kristin Wells
Alyssaview, GA 34182",scoffey@hotmail.com,1951-08-04,30
Colour technologist,Mccarty-Taylor,232-87-6512,"Unit 8516 Box 0481
DPO AA 48812","(Decimal('-19.6265825'), Decimal('133.833311'))",O+,"['http://www.johnson-henson.net/', 'https://www.brown.com/', 'https://www.williams.com/']",qchavez,David Medina,M,"USCGC Matthews
FPO AP 20754",fpena@hotmail.com,1961-01-13,34
Health service manager,Vaughn and Sons,455-57-3869,"585 Raymond Field
Port Madisonland, IL 84610","(Decimal('81.6625725'), Decimal('140.590295'))",A+,['https://www.buchanan.com/'],kristinacarlson,Robin Hall,F,"84210 Alexis Turnpike
New Mario, KS 07369",judyfox@hotmail.com,1914-02-21,36
Publishing copy,Strickland-Palmer,112-58-8255,"847 Bruce Neck
Simmonsville, VT 58639","(Decimal('-70.2724875'), Decimal('-136.625941'))",AB-,"['http://www.weber-richards.com/', 'https://wagner-jordan.com/']",uross,Stacy Gutierrez,F,"4527 Christopher Corner Apt. 615
New Brian, OH 43708",jenkinsmorgan@yahoo.com,2003-08-18,21
Arts development officer,Burke-Bell,592-65-3486,"15851 Andrews Valley Suite 899
New Sarahview, HI 36319","(Decimal('-7.057556'), Decimal('2.441975'))",AB-,['http://www.sandoval.com/'],eric45,Cindy Barnes,F,"22901 Ramos Manors
Lawsonchester, IL 99452",reeddaniel@hotmail.com,1997-10-31,58
"Therapist, horticultural",Rose-Parker,226-51-9820,"3244 Wilson Parks
Thompsonfurt, VT 30662","(Decimal('44.2881505'), Decimal('119.962429'))",AB-,['https://www.smith-morse.com/'],sullivantammy,Michael Butler,M,"516 John Radial Suite 816
Juliebury, WI 22538",dixondaniel@hotmail.com,1931-11-19,48
Magazine journalist,Luna-Fuentes,835-19-3872,"29212 Marshall Port Suite 995
Edwardland, NV 83257","(Decimal('-8.712259'), Decimal('-32.535700'))",A+,"['http://hayes-brown.com/', 'http://www.wheeler.com/', 'https://www.jacobs-mason.com/']",wagnergerald,Steven Cooper,M,"8892 Watson Haven Suite 659
Port Crystalmouth, MA 12888",umitchell@hotmail.com,1987-07-09,57
Dealer,Miller-Alvarado,359-40-6422,"8652 Debbie Manors
Andrewport, IL 45292","(Decimal('40.5323565'), Decimal('-76.917975'))",B-,"['http://www.richard-garcia.net/', 'http://anderson.org/']",tarabishop,Amanda Diaz,F,"83473 Gregory Ports Suite 746
Burchborough, PA 18641",brett75@hotmail.com,1919-06-15,55
"Scientist, clinical (histocompatibility and immunogenetics)",Mitchell and Sons,280-58-8411,"37506 Randy Landing Apt. 615
North Lucas, VT 85692","(Decimal('0.0038185'), Decimal('-101.590376'))",B+,['https://guerra.org/'],anaacosta,Alicia Lewis,F,"3410 Robert Underpass
Brownfort, ND 02655",jennifercarter@gmail.com,1989-03-02,32
Manufacturing engineer,Duncan and Sons,681-86-1403,"88888 Peter Mountains Apt. 654
West Kristinastad, VA 86628","(Decimal('78.6464445'), Decimal('-124.345885'))",AB-,"['http://morgan.info/', 'https://www.brown.com/']",sarah86,Rick Blackwell,M,"Unit 8740 Box 3450
DPO AP 44007",david56@yahoo.com,2006-08-28,52
Printmaker,Morgan-Lopez,709-64-6019,"PSC 8416, Box 1692
APO AP 39005","(Decimal('-3.775463'), Decimal('-124.918166'))",A-,"['https://morrison-simmons.info/', 'https://acosta.org/', 'https://whitney.biz/']",thomascathy,Paul Moore,M,"13556 Cassie Springs
Rushstad, WV 10578",alyssasanders@hotmail.com,1943-06-03,31
Fisheries officer,Johnson and Sons,512-67-6341,"PSC 1447, Box 3947
APO AE 16575","(Decimal('-53.565681'), Decimal('-140.243613'))",O-,"['https://www.ponce.com/', 'https://joseph.com/']",joelsnyder,Bryan Harris,M,"8291 Kyle Stravenue Suite 866
East Teresaland, NH 89644",david89@gmail.com,2009-12-26,41
"Conservation officer, nature",Shaw-Oneill,852-16-8489,"53584 John Roads
Davidport, ND 12746","(Decimal('44.9084515'), Decimal('164.127506'))",B+,"['http://williams.org/', 'https://www.butler.net/']",eevans,Eric Sanchez,M,"6773 Lawson Island
Jessicastad, DC 49068",floressteven@yahoo.com,1966-09-06,31
Firefighter,Davis LLC,394-79-6851,"9532 Ferrell Mountain
Kochfort, CO 52044","(Decimal('45.6792145'), Decimal('65.473829'))",B-,"['https://www.campbell.info/', 'https://www.jordan.com/']",michaelroberts,James Hudson,M,"499 David Court Suite 558
Kariborough, NY 53111",williamsderrick@yahoo.com,2014-11-29,25
Public relations account executive,"Bryant, Obrien and Robertson",336-79-5219,"588 Erickson Hills Suite 055
South Brandytown, NJ 35304","(Decimal('85.983861'), Decimal('130.566043'))",B-,['https://www.fuller.com/'],alexanderrobert,Tiffany Rodriguez,F,"8970 April Points
Whitneyfort, MS 41625",stevepatel@hotmail.com,1953-09-16,52
"Geneticist, molecular","Washington, Bernard and Ramirez",306-29-4877,"757 Castro Underpass
Keithshire, ND 50268","(Decimal('15.906498'), Decimal('5.292767'))",B+,"['http://miller.info/', 'http://www.nelson.com/', 'http://www.santiago.com/']",maldonadoderrick,Jennifer Love,F,"Unit 2677 Box 3454
DPO AP 08255",pearsonjesse@hotmail.com,2003-11-28,34
Applications developer,Butler and Sons,038-51-8117,"04991 Mitchell Row Suite 287
Jamesville, GA 96330","(Decimal('33.1889145'), Decimal('168.045542'))",AB+,"['http://bradley-todd.com/', 'https://murphy.com/']",seanadams,David Green,M,"5301 Parker Lodge
Hannahport, RI 29448",susanmendoza@yahoo.com,2007-04-05,19
Trading standards officer,Perry-Dunn,483-97-8807,"91878 Miller Port
North Mariahaven, OK 70842","(Decimal('-49.7743065'), Decimal('-91.664788'))",AB-,"['http://www.aguilar.com/', 'https://www.perry.com/', 'http://velasquez-reese.org/', 'http://www.cooper-brown.com/']",katiegood,Kaitlyn Mitchell MD,F,"6766 Felicia Shore Apt. 512
Ricebury, AL 99614",goodsteven@hotmail.com,1979-08-04,30
Photographer,"Gray, Hall and Murray",159-36-3089,"USS Johnson
FPO AP 55451","(Decimal('75.067190'), Decimal('-171.600227'))",B-,"['http://www.johnson.com/', 'http://www.gonzales-fernandez.com/']",barbara53,Donna Cabrera,F,"836 Hill Point
Lake Erika, NM 06646",shelly68@yahoo.com,2000-04-04,46
Pension scheme manager,Hernandez-Bennett,773-69-7759,"2708 Faulkner Point
South John, MA 85266","(Decimal('-68.774693'), Decimal('61.477460'))",AB-,['http://www.bennett-jacobs.com/'],timothybooth,Pamela Ramsey,F,"31739 Randy Garden
Kimberlyfurt, ND 85530",kyle58@yahoo.com,1968-11-30,63
Chief Technology Officer,"Harrison, Franco and Rocha",380-41-6782,"204 Phillips Flat
Jerryshire, IA 65945","(Decimal('57.8119795'), Decimal('171.439972'))",AB-,"['https://jackson-norton.com/', 'http://stark.com/', 'http://www.williams.com/']",bruce97,Alexa Wagner,F,"88600 Nichols Heights
New Lisachester, HI 14527",warrenjohn@hotmail.com,1977-02-21,47
Forensic psychologist,Adams-Sanders,383-52-7521,"1016 Bennett Mountains
Lake Albertburgh, NM 57374","(Decimal('83.1159695'), Decimal('-2.150441'))",A-,['http://www.clay.com/'],alexis39,Justin Johnson,M,"42939 Rhodes Plains Suite 621
Brianchester, CA 45143",unovak@gmail.com,1991-10-18,46
Government social research officer,Henry-Kelly,385-56-3044,"94311 Moore Station Apt. 655
North Adamport, MN 35859","(Decimal('-62.5574625'), Decimal('-108.860843'))",A-,"['https://peters.com/', 'http://smith-gutierrez.com/']",josephadams,Carolyn James,F,"4647 Michael Gateway
Wheelerborough, CT 18259",adam65@hotmail.com,1957-03-12,51
Landscape architect,Cook-Ochoa,881-84-9739,"375 Tamara Island Suite 793
Nicholasfurt, DE 74406","(Decimal('-36.366584'), Decimal('137.949465'))",B+,['https://www.salinas-guerra.com/'],donna66,Charles Turner,M,"688 Stephens Turnpike Suite 891
Port Johnstad, SD 80805",hartdeanna@hotmail.com,1959-11-18,36
Learning disability nurse,Rodriguez-Garcia,228-66-8500,"5679 Michael Burg
Garciachester, CO 15714","(Decimal('-51.969360'), Decimal('7.007520'))",AB+,"['https://www.webb.info/', 'https://www.williams-page.com/', 'https://www.marsh.net/']",zhall,Erin Simmons,F,"660 Shannon Meadow
Smithborough, KY 99109",raylauren@hotmail.com,1930-12-08,41
Medical secretary,Gonzalez-Wilson,687-63-8647,"Unit 5969 Box 6915
DPO AA 60513","(Decimal('75.722032'), Decimal('-87.374999'))",AB+,['http://allen.com/'],baileyhenderson,Jorge Barnes,M,"274 Jacob Ville
Harveystad, NM 18396",lisamaynard@hotmail.com,1994-05-17,50
"Research officer, trade union",Cohen-Perry,861-57-8007,"40438 Jackson Mount
Dunnville, DE 35613","(Decimal('55.7889545'), Decimal('16.957414'))",A+,"['http://fitzgerald.com/', 'https://www.baker-atkins.com/', 'https://www.clark.org/', 'https://jensen.com/']",mariopadilla,Kim Carlson,F,"126 Victoria Way Apt. 232
Mariafurt, FL 76185",courtney67@gmail.com,1991-09-23,56
Chief Financial Officer,Robertson-Ramirez,899-48-7450,"USNV Perkins
FPO AP 12709","(Decimal('33.0640345'), Decimal('160.827423'))",AB-,['https://www.summers-simpson.com/'],rkramer,Kenneth Knight,M,"70127 Smith Meadow
Lake Regina, SD 40067",nancymcdowell@gmail.com,1994-07-31,53
Media planner,Miller-Beck,665-22-0849,"361 Aaron Neck Apt. 293
Smithmouth, DE 55854","(Decimal('-54.5195035'), Decimal('76.463365'))",A-,"['https://www.shaffer.com/', 'http://may.com/']",nbell,Alejandra Santos,F,"9731 Donald Crossing
Bellchester, WY 18828",joshuamiller@hotmail.com,1987-04-15,36
Tourism officer,"Lawson, Maxwell and Vaughn",869-85-4943,"640 Troy Creek
South Danielle, NC 02082","(Decimal('6.931561'), Decimal('-10.095038'))",B+,"['https://vega.com/', 'http://www.baker.com/', 'https://marquez.biz/', 'http://www.miller-miller.com/']",collinssamuel,Jeanette Walters,F,"USNS Brown
FPO AE 57449",chavezchelsea@yahoo.com,1996-02-22,50
Economist,Smith and Sons,719-02-2685,"842 Martinez Tunnel Suite 105
Nelsonland, VT 76083","(Decimal('78.452062'), Decimal('-138.623342'))",O-,"['https://www.villarreal-jackson.com/', 'https://www.craig.com/', 'http://www.williams.biz/', 'http://www.tran.biz/']",margaret95,Jennifer Cortez,F,"38061 Cline Trail
Markside, AL 48855",kellymueller@hotmail.com,1990-03-30,42
Financial manager,Richardson-Bonilla,792-26-8955,"06038 Fields Square
West Aaronfurt, WA 95818","(Decimal('-7.4532405'), Decimal('-124.192795'))",B-,"['https://kaufman.com/', 'http://www.merritt.biz/']",danafoster,Paul Carpenter,M,"2344 Howe Lock
Louisview, CA 27070",kimberlyrichards@gmail.com,1919-11-15,24
"Development worker, international aid",Owens-Russell,549-46-3402,"1124 Jason Walks Suite 213
Randyton, ME 34601","(Decimal('-43.3277345'), Decimal('-163.312932'))",O+,"['http://www.garcia-leon.com/', 'http://www.anderson.com/', 'http://johnson.com/', 'https://www.stein.com/']",zunderwood,Amber Glass,F,"625 Rebekah Harbor Suite 720
Lake Kenneth, OH 63288",millerpatrick@yahoo.com,1932-08-21,50
Secondary school teacher,Mccoy PLC,814-03-6267,"8759 Price Falls Apt. 593
Port Kimberlyton, NJ 69894","(Decimal('5.947661'), Decimal('133.526661'))",B-,"['http://www.allen.com/', 'http://mcconnell-frey.com/']",robin05,Emily Rojas,F,"USNS Hart
FPO AE 65018",gregory01@gmail.com,1937-02-24,56
Town planner,Smith Group,001-43-3301,"250 Dylan Squares Apt. 185
West Janetfurt, CT 44614","(Decimal('-8.9955335'), Decimal('-6.803722'))",B+,"['https://stewart.org/', 'https://www.chapman.com/']",xrosales,April Miles,F,"Unit 0295 Box 9391
DPO AA 18935",julie35@yahoo.com,1928-05-04,45
Chartered management accountant,"Santiago, Daniel and Rogers",012-34-3436,"4100 Kim Manor
South Trevor, MI 72069","(Decimal('10.756596'), Decimal('-125.545959'))",O-,"['http://lloyd.com/', 'http://lynn-jones.com/']",morgantricia,Benjamin Mcmahon,M,"PSC 0629, Box 6201
APO AA 27442",robertspencer@hotmail.com,1979-01-01,28
Geochemist,"Campbell, Young and Williams",586-71-8044,"61497 Collin Ford Apt. 417
West Kristenfort, TN 35235","(Decimal('-65.5356315'), Decimal('164.599388'))",O+,"['https://lopez-williams.info/', 'https://hood.com/']",lindsey69,Mary Miller,F,"8687 Thomas Common
Orrton, OK 68241",davidtodd@gmail.com,1928-03-29,54
"Engineer, mining",Martinez Group,081-88-7134,"451 Paul Locks
Melissahaven, AL 92305","(Decimal('77.2508385'), Decimal('135.452509'))",O+,['https://www.knight.com/'],natalie46,Ashlee Mitchell,F,"24629 Williams Isle Apt. 074
Andrewport, KY 64938",comptonjeremy@yahoo.com,2006-09-17,45
Probation officer,Adams-Butler,662-12-3080,"785 Zachary Estate Apt. 486
Port Melissa, OK 04295","(Decimal('-43.362733'), Decimal('-76.510913'))",B-,['http://www.williams-ward.com/'],maldonadojohn,John Sanders,M,"79855 Mary Green Apt. 406
East Melissaborough, IN 85354",ericaadams@yahoo.com,1975-05-08,46
Advertising account planner,"Smith, Buck and Holland",616-02-3667,"466 Stevens Forge Suite 489
Silvatown, TN 49552","(Decimal('60.7149965'), Decimal('167.539154'))",AB+,"['http://rogers.com/', 'https://dawson.com/', 'http://www.powell.com/']",matthewreeves,Mr. Jason Price Jr.,M,"584 Mary Wells Apt. 417
Lake Jonathan, OH 24496",destiny35@gmail.com,2006-10-11,45
Information systems manager,French-Rivera,267-75-4818,"0999 Thomas Fields
Port Erinhaven, MT 07587","(Decimal('-49.5257175'), Decimal('-106.252592'))",B-,"['https://stewart.com/', 'http://welch-thompson.com/', 'http://clark-ayala.org/']",zschultz,Pamela Miller,F,"0083 Dodson Islands Apt. 003
Lake Natalie, DC 13963",tgordon@gmail.com,1914-05-18,32
Armed forces technical officer,Fry-Bryant,533-77-8588,"7532 Smith Fork
East Jessica, NY 22650","(Decimal('-56.938957'), Decimal('16.812287'))",A+,"['https://www.vang.com/', 'http://www.wallace-martinez.com/', 'https://www.neal.com/', 'https://garcia.com/']",campbellkristen,Brian Higgins,M,"8356 Martin Plaza
Lozanofort, IA 00859",powersrebecca@hotmail.com,1996-07-18,19
"Research officer, political party",Herring PLC,077-93-1660,"PSC 3744, Box 7012
APO AE 38586","(Decimal('6.6943875'), Decimal('-12.116652'))",O+,['http://www.christian.com/'],watsonmatthew,Jeffrey Howell,M,"4676 Daniel Square Apt. 216
Phammouth, RI 50275",cheryl27@yahoo.com,1920-11-11,21
Paramedic,Williams-Green,322-02-8599,"588 Ryan Stream
South Michael, SD 50947","(Decimal('-50.0958755'), Decimal('119.758779'))",A+,['http://booth-jones.info/'],andreagray,Wayne Williams,M,"7971 West Crest
Mcgeetown, MO 54547",hawkinsaaron@gmail.com,2013-04-02,19
Trade mark attorney,"Walsh, Wu and Hart",671-86-7475,"USNV Bryan
FPO AE 60067","(Decimal('-0.8867775'), Decimal('120.728695'))",O-,"['https://www.malone.com/', 'https://brandt.com/', 'http://www.taylor-love.biz/']",ylewis,Christina Martinez,F,"60917 Barrett Parkways Apt. 708
New Savannahshire, NY 23727",jessicaanderson@yahoo.com,1994-12-24,28
Tourism officer,"Andrade, Gordon and Cruz",624-89-4068,"7226 Cameron Plaza Suite 833
New Jennifer, MI 88630","(Decimal('-54.3862045'), Decimal('169.012468'))",B+,"['http://castillo.biz/', 'https://mills.biz/', 'http://www.brown.com/']",karenjohnson,Antonio Mueller,M,"838 Young Tunnel
Heatherton, MS 55101",tammy00@hotmail.com,1939-09-13,61
"Engineer, electrical","Melton, Dalton and Ramos",231-82-6026,"347 Tonya Club
East Jill, MS 05827","(Decimal('25.026690'), Decimal('-30.152755'))",AB+,"['http://rivera.com/', 'http://www.carlson-ayala.org/']",alicia28,Kenneth Howard,M,"8861 Walker Forest
Markport, WV 81540",wbarajas@hotmail.com,1906-09-09,58
Colour technologist,"Reed, Allen and May",637-32-0654,"1648 Johnson Path Suite 887
Williamsborough, NY 11294","(Decimal('-64.2418915'), Decimal('-90.130599'))",A+,['http://www.coleman.biz/'],benjamin10,Brittany Stevens,F,"193 Russell Mission Suite 650
Nunezside, SD 94910",avilabrenda@hotmail.com,2020-12-08,24
"Buyer, industrial",Reilly-Rodriguez,806-88-4938,"6607 Amanda Dale Suite 842
Ericastad, OH 73255","(Decimal('-52.0502405'), Decimal('-113.838628'))",A+,['https://www.clark-figueroa.com/'],jackjensen,Maria Hunt,F,"90878 Kelly Cliff
Coreyshire, MA 47311",emilyyoung@yahoo.com,1989-10-22,36
Building control surveyor,Stewart Group,337-79-5009,"955 Jackson Island
Port Jeffrey, SD 57664","(Decimal('-15.729324'), Decimal('12.997578'))",B+,"['https://howard-torres.net/', 'http://www.obrien.com/', 'http://mercado.com/']",rebeccaarnold,Lauren Hammond,F,"256 Patricia Radial Suite 278
South Michaeltown, IA 80983",katherinetaylor@gmail.com,1929-11-15,33
Systems developer,"Hopkins, Faulkner and Fitzgerald",496-46-0663,"14530 April Turnpike Suite 677
North Tinamouth, VT 68838","(Decimal('80.071841'), Decimal('-33.168323'))",AB+,"['https://matthews-villanueva.com/', 'https://black.com/']",scotthall,Stephen Smith,M,"22259 Donna Mall Suite 177
Clarkburgh, MT 03443",bradleyberry@gmail.com,1923-10-30,21
Science writer,Macdonald and Sons,058-22-4232,"PSC 8699, Box 0413
APO AA 79999","(Decimal('36.5440855'), Decimal('78.593753'))",B+,"['https://www.hoover.com/', 'http://carlson-jones.biz/']",mserrano,Alan Mills,M,"908 Christopher Shoals Apt. 980
Boydstad, AZ 91942",zperez@yahoo.com,2012-12-13,55
Museum/gallery curator,Chapman-Figueroa,780-90-9440,"7314 Scott Avenue
New Alexandrahaven, MS 86293","(Decimal('-34.858339'), Decimal('-10.401560'))",O+,"['http://www.pearson-king.net/', 'https://hill.biz/', 'https://www.hansen-webb.com/']",adkinssean,James Taylor,M,"38658 Eugene Roads
Port Christopherberg, PA 57566",brownjeffrey@gmail.com,1988-05-18,44
Applications developer,"Cruz, Joyce and Mendez",534-37-9789,"770 Melissa Unions
Jameshaven, UT 30866","(Decimal('75.138805'), Decimal('-89.009565'))",A+,"['http://www.miller.biz/', 'https://willis-holmes.com/', 'http://gallegos.com/']",greenrichard,Cheyenne Spears,F,"451 Walter Via
Heatherfurt, NJ 32387",susan77@hotmail.com,1909-03-19,61
Race relations officer,Scott Group,649-29-3768,"8804 Justin Locks Suite 182
Edwardsborough, OK 35769","(Decimal('-40.9341735'), Decimal('-77.904603'))",O-,"['http://www.clark-harris.com/', 'https://www.wilson.info/']",uwatson,Kimberly Williams,F,"2846 Karen Crossroad Apt. 867
New Michaelburgh, DE 92021",astewart@gmail.com,1997-03-27,33
"Engineer, materials",Carpenter-Nguyen,628-34-3067,"7955 Victor Fords
Haynesstad, MO 37152","(Decimal('30.991643'), Decimal('-83.422708'))",B+,"['http://peters.com/', 'http://www.shaffer-thompson.info/']",john90,Dr. Kelly Le PhD,F,"34717 Green Lake
Mauricechester, MI 89575",barbarasantos@hotmail.com,1929-03-31,40
Higher education careers adviser,Nguyen-Dixon,794-95-7323,"472 Danielle Junction Suite 996
North Fernandobury, MD 86092","(Decimal('-11.7896245'), Decimal('-36.401854'))",O+,"['https://matthews.com/', 'http://www.young.com/', 'http://www.garcia-brown.info/']",garciachristine,Jennifer Hubbard,F,"3347 David Villages Apt. 005
Michellemouth, ND 36206",staylor@hotmail.com,1929-08-02,50
"Therapist, art","Bryant, Curry and Wiley",446-68-8746,"8317 Diaz Green Apt. 400
West Justin, AL 90648","(Decimal('42.0518965'), Decimal('76.123434'))",AB+,['https://hall.biz/'],oclayton,Christopher Mclaughlin,M,"389 Mitchell Summit Suite 631
East Keith, NH 81468",nnelson@yahoo.com,1931-01-19,19
IT sales professional,Hernandez PLC,023-24-1676,"703 Edward Park
West Robert, NM 49180","(Decimal('34.469351'), Decimal('-162.961264'))",AB-,['http://www.rowe-jones.info/'],martinezkayla,Sarah Roth,F,"03718 Thomas Springs Suite 520
West Timothyport, MN 07328",teresayoung@yahoo.com,1949-08-28,61
"Administrator, local government",Bauer PLC,123-51-3983,"792 Townsend Gateway
South Christopher, MA 82438","(Decimal('-73.879824'), Decimal('-147.908472'))",AB-,"['http://www.hall-holden.com/', 'https://www.norris.com/']",amy73,John Kim,M,"7498 Casey Drives Suite 448
Shawnhaven, VA 24819",harveymichael@hotmail.com,1937-12-28,44
IT sales professional,"Brown, Coffey and Fuentes",195-68-8152,"456 Rodriguez Pike
North Maryberg, AZ 26987","(Decimal('-61.2625965'), Decimal('80.581189'))",B-,['http://burns.com/'],dianahebert,Mitchell Smith,M,"058 Short Underpass Apt. 948
Lake Chadport, IL 68590",garciajerry@yahoo.com,1931-04-12,26
"Engineer, automotive","Sandoval, Hudson and Meza",572-96-9145,"957 Andrade Expressway
New Richard, TN 21233","(Decimal('53.3178165'), Decimal('142.077305'))",O-,"['https://gutierrez-schultz.com/', 'http://www.cannon-howe.com/', 'https://moyer-smith.com/']",adam33,Joseph Holder,M,"488 Clinton Mount
Ericview, OR 33250",jonathanevans@hotmail.com,1959-11-27,63
"Teacher, adult education",Navarro Ltd,333-62-2833,"409 Miller Centers
Michaelchester, DE 30217","(Decimal('85.2290765'), Decimal('143.358226'))",A+,"['http://williams.net/', 'http://www.nunez.info/', 'http://www.roberts-foster.com/', 'https://www.duncan-williams.biz/']",kathleencastillo,Jonathan Ayala,M,"938 John Grove Suite 591
Lake Robertstad, ID 42540",brittney04@gmail.com,1953-02-01,30
Warehouse manager,Hanson-Alexander,838-30-3272,"110 Stacy Drive
Alexanderville, NV 62260","(Decimal('-83.893600'), Decimal('-1.825042'))",B-,"['http://webb.com/', 'https://www.jackson-campbell.org/']",qguerrero,Matthew Smith,M,"04636 Rebecca Oval Apt. 238
Castrotown, IA 69892",matthew62@gmail.com,1952-09-08,30
Management consultant,Garrett-Young,514-36-1016,"84325 Sandoval Corners Suite 893
Allenberg, ME 79847","(Decimal('-1.608301'), Decimal('61.145870'))",B+,"['http://www.parker.net/', 'http://douglas.com/']",lonniehobbs,Joseph Ball,M,"6474 Kimberly Coves Apt. 209
Catherinebury, IN 30767",howardhailey@yahoo.com,1923-09-28,34
Retail buyer,"Harrison, Banks and White",397-63-7764,"06046 Julia Flats
North Gregory, RI 64718","(Decimal('-2.786496'), Decimal('65.642563'))",B-,"['https://www.moss.org/', 'http://www.bryant-rich.com/', 'https://www.hughes.com/', 'https://wilkerson-ayala.com/']",stevenlucas,Edward Ellison,M,"98266 Hayes Fall
Garzaborough, NH 12321",mario21@gmail.com,1921-01-11,30
"Production assistant, television","Cox, Mills and Cruz",811-66-2620,"25922 Harold Station Apt. 644
Robertsburgh, DC 27089","(Decimal('-89.051646'), Decimal('154.234530'))",AB+,['https://stephens-smith.info/'],mmiller,Mary Chavez,F,"830 Eddie Shoal Suite 020
Markland, CT 55152",evanmitchell@hotmail.com,1999-08-10,24
"Therapist, nutritional","Cobb, Thompson and Gibson",593-47-0588,"5616 Kelly Dale Apt. 458
Warrenborough, AR 14827","(Decimal('63.375180'), Decimal('157.680313'))",A-,"['https://abbott.org/', 'https://www.hart.info/', 'http://www.roberts.info/', 'http://www.duarte.net/']",parkerwilliam,Christina Campbell,F,"55699 Marilyn Fields
Marthafort, NJ 05161",timothyburton@hotmail.com,1951-02-06,58
"Psychologist, counselling",Reilly-Brown,534-39-9257,"803 Marsh Underpass Suite 124
West Tonyaside, GA 75340","(Decimal('72.5884265'), Decimal('29.146800'))",B+,['https://johnson.com/'],gregory50,Trevor Robinson,M,"8078 James Orchard
Kimberlyberg, CT 68153",jamiejohnson@yahoo.com,2002-08-16,37
"Scientist, research (maths)",Smith Inc,704-77-1427,"84094 Manuel Fields
Joshuamouth, NV 88466","(Decimal('-58.418343'), Decimal('-33.619886'))",B+,"['https://www.mullen.net/', 'http://www.bell.com/']",bwilliams,Emily Mcclain,F,"60166 Janet Ramp
Jensenport, ID 93942",beltrankatelyn@yahoo.com,1982-10-07,20
"Conservator, museum/gallery",Hess Ltd,480-13-7465,"3329 Durham Lock Apt. 557
Johnsonfort, MI 63238","(Decimal('33.813620'), Decimal('-88.301620'))",AB+,"['http://www.roth-robles.com/', 'http://murray.com/', 'http://jones-clark.org/']",gilbertcaldwell,Jeffrey Cobb,M,"99758 Lynn Fall Suite 619
Lake Lisafurt, NM 85041",davislisa@hotmail.com,2008-03-30,46
Academic librarian,Guerrero Group,545-38-6390,"35494 Robbins Key Apt. 909
Abbottport, MN 72444","(Decimal('-75.738745'), Decimal('-179.547249'))",AB-,['https://www.reynolds.biz/'],elainewells,Jared Graham,M,"6242 Alexander Rue Apt. 276
North Derrick, MT 60273",dhanson@hotmail.com,1963-03-20,28
Sub,Cruz-Perez,435-78-0122,"846 Johnson Camp
Bushville, NJ 91005","(Decimal('-68.508223'), Decimal('-103.717368'))",AB+,"['http://www.kennedy.com/', 'https://www.nichols-smith.info/', 'https://gomez-levine.com/', 'https://www.neal.com/']",douglaskelly,John Jackson,M,"7128 Melissa Harbors
Davidview, KS 02362",munozrenee@hotmail.com,1926-01-22,60
Product manager,Morton-Green,718-31-7945,"1292 Mullins Loop
Youngmouth, SC 22427","(Decimal('-33.3985735'), Decimal('130.181138'))",AB-,['https://www.jackson.info/'],noahthornton,Travis Nielsen,M,"604 Reyes Island
North Samanthastad, NE 80518",matthew41@yahoo.com,1994-07-19,39
Television/film/video producer,Murray-Leonard,248-94-9646,"258 Emily Village Apt. 061
Lake Seanbury, LA 33517","(Decimal('-38.170607'), Decimal('-161.723965'))",A+,['http://www.little.org/'],pauladominguez,Pamela Wong,F,"174 Schwartz Shores Suite 421
Kimberlyfurt, MA 08373",stephanie42@yahoo.com,1914-12-08,47
Regulatory affairs officer,Bishop and Sons,661-63-1777,"91741 Charles Ports Suite 707
Lake Danielle, TN 51682","(Decimal('-18.4790015'), Decimal('-98.606358'))",AB-,"['http://graham-anthony.com/', 'http://www.finley-meyers.info/', 'http://maldonado-morales.com/', 'https://randall.com/']",heather15,Tracy Guerrero,F,"320 Anthony Ramp Apt. 761
Victormouth, AZ 44971",morganjennifer@yahoo.com,1921-07-30,46
"Engineer, mining","Contreras, Ellis and Gregory",896-69-2441,"02707 John Run
North Gerald, ME 13253","(Decimal('32.456118'), Decimal('148.149403'))",B+,['http://www.larson-gilbert.com/'],rnguyen,Robin Hendrix,F,"3092 Brown Harbor
Port Robert, MN 73037",samuelfrost@gmail.com,1923-08-23,57
Chiropodist,"Salazar, Strickland and Smith",499-11-0105,"946 Schwartz Ford
Lake Joseph, MT 31860","(Decimal('-43.1448775'), Decimal('147.780086'))",A+,"['https://www.serrano.net/', 'http://www.downs.org/']",qtownsend,William Romero,M,"12772 Elizabeth Cape
Lake Michaelborough, KS 44317",vwilliams@gmail.com,1978-08-17,33
"Editor, commissioning",Floyd Group,528-15-1161,"PSC 7995, Box 6353
APO AE 43247","(Decimal('-28.855218'), Decimal('-127.352217'))",B-,"['http://jones.info/', 'http://robinson.info/', 'http://taylor-cortez.com/', 'https://www.martinez-schwartz.com/']",kathleenrobinson,Samuel Ellis,M,"929 Christopher Walks
Atkinsborough, NJ 61156",alexis63@gmail.com,1950-01-13,40
Politician's assistant,"Walker, Pennington and Shah",588-01-6845,"Unit 0780 Box 6867
DPO AP 13345","(Decimal('31.4513045'), Decimal('85.904133'))",B-,['http://anderson.com/'],vhodge,Maureen Martin,F,"2625 Padilla Alley Apt. 658
West Ronaldview, RI 71599",kristinmiller@yahoo.com,2005-08-17,18
Automotive engineer,"Dougherty, Leonard and Barron",114-50-5990,"5281 Devon Isle
New Daniel, WA 99103","(Decimal('65.7246105'), Decimal('-67.367720'))",B-,"['https://frazier.com/', 'https://rose.net/', 'https://richardson.com/']",keithfrye,Judith Miller,F,"27238 Kelly Springs Apt. 756
Rojastown, ID 08751",wigginsjesse@hotmail.com,1993-03-25,52
Legal executive,Lane-Rios,806-42-7966,"4924 Kristina Forks Suite 540
West Justin, RI 21576","(Decimal('53.697979'), Decimal('-26.859406'))",B+,"['http://www.wilson.org/', 'http://wood-harris.com/']",david06,Charles West DVM,M,"USNS Gould
FPO AA 20955",cordovaamy@hotmail.com,1950-07-31,22
Hotel manager,Kemp-Montes,773-74-2410,"1702 Kyle Locks Apt. 751
Brianborough, NC 29617","(Decimal('-15.394494'), Decimal('-74.925945'))",A+,['https://www.foster.net/'],xwood,Heather Hernandez,F,"4781 Jessica Mills Suite 742
Chandlerchester, OR 78873",thomaskevin@hotmail.com,1951-02-21,60
Brewing technologist,"Avila, Davis and Ortiz",280-54-2866,"26487 Mackenzie Hollow
Troymouth, AK 00821","(Decimal('-48.654506'), Decimal('-38.976347'))",AB+,"['http://white-knox.com/', 'http://www.snyder-arellano.org/', 'https://graham.com/', 'https://www.martin-brown.com/']",michael50,Chad Martin,M,"321 Amy Well
Margaretport, TX 91984",cody95@gmail.com,1907-04-01,32
"Copywriter, advertising","Campbell, Maxwell and Jenkins",167-14-3570,"89888 Robert Club
Port Davidtown, MI 41339","(Decimal('7.326258'), Decimal('-105.367440'))",O-,"['http://garner.com/', 'http://www.perez.com/', 'https://www.smith.biz/']",harrisonrebekah,Amanda Keller,F,"011 Briana Flats Apt. 501
Port Julie, OR 46092",ethan89@gmail.com,1974-03-18,35
"Teacher, early years/pre",Garcia PLC,782-02-8665,"2801 Samantha Vista
Richardsonshire, NV 88781","(Decimal('-61.1902975'), Decimal('-82.907684'))",AB-,"['https://www.perez.com/', 'https://www.taylor.net/', 'http://www.snyder-cruz.info/', 'https://spencer.biz/']",harry71,Stephanie Lang,F,"26691 Calvin Flat
Jamesfurt, IN 56167",tramirez@hotmail.com,1986-04-15,47
